INSERT INTO Client (ID, NAME, HASH, EMAIL) VALUES (3, 'Seba Mas', 'asd' ,'sebamas1@hotmail.com');
INSERT INTO Client (ID, NAME, HASH, EMAIL) VALUES (2, 'Nehemias M', 'asdasd' ,'nehe@gmail.com');
INSERT INTO Client (ID, NAME, HASH, EMAIL) VALUES (4, 'Pedro', 'pepe' ,'palpepe@gmail.com');

INSERT INTO Ticket (ID, CLIENT_ID, TICKET_DATE, TICKET_TIME, TICKET_PRICE) VALUES (1, 2, '2021-06-01', '12:00:00', 180.00);
INSERT INTO Ticket (ID, CLIENT_ID, TICKET_DATE, TICKET_TIME, TICKET_PRICE) VALUES (2, 3, '2023-03-20', '17:30:00', 130.00);
INSERT INTO Ticket (ID, CLIENT_ID, TICKET_DATE, TICKET_TIME, TICKET_PRICE) VALUES (3, 2, '2021-05-01', '12:01:00', 210.00);

INSERT INTO Product(PRODUCT_TYPE_ID, PRODUCT_TYPE, PRICE) VALUES (1, 'Coca Cola', 50.00);
INSERT INTO Product(PRODUCT_TYPE_ID, PRODUCT_TYPE, PRICE) VALUES (2, 'Papas Fritas', 30.00);
INSERT INTO Product(PRODUCT_TYPE_ID, PRODUCT_TYPE, PRICE) VALUES (3, 'Hamburguesa', 100.00);
INSERT INTO Product(PRODUCT_TYPE_ID, PRODUCT_TYPE, PRICE) VALUES (4, 'Pepsi', 40.00);
INSERT INTO Product(PRODUCT_TYPE_ID, PRODUCT_TYPE, PRICE) VALUES (5, 'Agua', 20.00);
INSERT INTO Product(PRODUCT_TYPE_ID, PRODUCT_TYPE, PRICE) VALUES (6, 'Cerveza', 70.00);
INSERT INTO Product(PRODUCT_TYPE_ID, PRODUCT_TYPE, PRICE) VALUES (7, 'Vino', 100.00);
INSERT INTO Product(PRODUCT_TYPE_ID, PRODUCT_TYPE, PRICE) VALUES (8, 'Fernet', 80.00);
INSERT INTO Product(PRODUCT_TYPE_ID, PRODUCT_TYPE, PRICE) VALUES (9, 'Alfajor', 30.00);

INSERT INTO ProductTicket (ID, TICKET_ID, PRODUCT_TYPE_ID) VALUES (1, 1, 1); // Ticket 1 - Product 1
INSERT INTO ProductTicket (ID, TICKET_ID, PRODUCT_TYPE_ID) VALUES (2, 1, 2); // Ticket 1 - Product 2
INSERT INTO ProductTicket (ID, TICKET_ID, PRODUCT_TYPE_ID) VALUES (3, 1, 3); // Ticket 1 - Product 3
INSERT INTO ProductTicket (ID, TICKET_ID, PRODUCT_TYPE_ID) VALUES (4, 2, 4); // Ticket 2 - Product 4
INSERT INTO ProductTicket (ID, TICKET_ID, PRODUCT_TYPE_ID) VALUES (5, 2, 5); // Ticket 2 - Product 5
INSERT INTO ProductTicket (ID, TICKET_ID, PRODUCT_TYPE_ID) VALUES (6, 2, 6); // Ticket 2 - Product 6
INSERT INTO ProductTicket (ID, TICKET_ID, PRODUCT_TYPE_ID) VALUES (7, 3, 7); // Ticket 3 - Product 7
INSERT INTO ProductTicket (ID, TICKET_ID, PRODUCT_TYPE_ID) VALUES (8, 3, 8); // Ticket 3 - Product 8
INSERT INTO ProductTicket (ID, TICKET_ID, PRODUCT_TYPE_ID) VALUES (9, 3, 9); // Ticket 3 - Product 9
